Groesse,Umfang,Label
94.9816047538945,118.02857225639664,Duennschnabelmoewe
109.2797576724562,103.94633936788146,Duennschnabelmoewe
86.24074561769746,86.2397808134481,Duennschnabelmoewe
104.04460046972835,108.32290311184181,Duennschnabelmoewe
113.29770563201687,88.49356442713105,Duennschnabelmoewe
87.27299868828402,87.33618039413736,Duennschnabelmoewe
92.1696897183815,100.99025726528951,Duennschnabelmoewe
97.27780074568463,91.64916560792167,Duennschnabelmoewe
104.47411578889518,85.57975442608168,Duennschnabelmoewe
91.68578594140872,94.65447373174767,Duennschnabelmoewe
98.24279936868143,111.40703845572054,Duennschnabelmoewe
87.98695128633439,100.56937753654447,Duennschnabelmoewe
103.6965827544817,81.8580165087999,Duennschnabelmoewe
104.30179407605753,86.82096494749166,Duennschnabelmoewe
92.18455076693482,83.90688456025535,Duennschnabelmoewe
107.36932106048627,97.60609974958405,Duennschnabelmoewe
84.88152939379115,99.80707640445081,Duennschnabelmoewe
90.35119926400068,106.50089137415928,Duennschnabelmoewe
92.46844304357644,100.80272084711243,Duennschnabelmoewe
101.86841117373119,87.39417822102108,Duennschnabelmoewe
103.9159991524434,116.87496940092467,Duennschnabelmoewe
81.80909155642152,93.01321323053057,Duennschnabelmoewe
95.54709158757927,90.85396127095584,Duennschnabelmoewe
113.14950036607718,94.27013306774357,Duennschnabelmoewe
91.23738038749524,101.70784332632994,Duennschnabelmoewe
85.63696899899051,112.08787923016159,Duennschnabelmoewe
110.8897907718663,87.9486272613669,Duennschnabelmoewe
108.27429375390469,109.1602867216395,Duennschnabelmoewe
94.33862914177091,84.63476238100519,Duennschnabelmoewe
114.52413703502374,104.93192507310232,Duennschnabelmoewe
93.23592099410597,82.54233401144094,Duennschnabelmoewe
92.4392928686265,93.00733288106989,Duennschnabelmoewe
109.18424713352256,105.50229885420853,Duennschnabelmoewe
115.48850970305307,98.88859700647797,Duennschnabelmoewe
84.78376983753206,108.5297914889198,Duennschnabelmoewe
110.4314019446759,102.45108790277985,Duennschnabelmoewe
110.83868719818244,99.75182385457563,Duennschnabelmoewe
100.90931317527976,97.10164073434198,Duennschnabelmoewe
81.25716742746937,105.45641645055122,Duennschnabelmoewe
92.57423924305307,100.34282764658812,Duennschnabelmoewe
116.30265895704372,89.971689165955,Duennschnabelmoewe
96.41531692142519,110.22204554172194,Duennschnabelmoewe
91.59005811655072,86.44885149016018,Duennschnabelmoewe
105.33615026041694,114.85842360750871,Duennschnabelmoewe
112.14688307596458,87.46280235544144,Duennschnabelmoewe
115.70235993959912,101.57368967662603,Duennschnabelmoewe
92.72013899887456,84.40207698110707,Duennschnabelmoewe
89.11740650167766,97.08431154505026,Duennschnabelmoewe
112.72059063689971,114.42922333025373,Duennschnabelmoewe
80.27808522124762,100.42989210310263,Duennschnabelmoewe
96.69644012595116,88.88431241882921,Duennschnabelmoewe
84.79461469334731,93.50460685614512,Duennschnabelmoewe
117.71638815650077,92.92811728083021,Duennschnabelmoewe
100.75162486973464,108.12075835580711,Duennschnabelmoewe
94.54518409517176,118.87128330883843,Duennschnabelmoewe
99.88994023569542,92.03513239267079,Duennschnabelmoewe
104.38257335919587,100.10716092915446,Duennschnabelmoewe
116.33063543866615,89.5824756266789,Duennschnabelmoewe
85.79579488364892,99.57811041110253,Duennschnabelmoewe
106.88542189623514,110.46478461314871,Duennschnabelmoewe
89.50550175969599,109.12865394447438,Duennschnabelmoewe
94.71132530877013,105.29223322374318,Duennschnabelmoewe
105.34118843043579,101.43098736299034,Duennschnabelmoewe
92.83120259886944,87.46074041599417,Duennschnabelmoewe
81.63100566219056,103.63571772752968,Duennschnabelmoewe
100.48372233197124,89.05983100791752,Duennschnabelmoewe
105.80691161637799,86.97465716019965,Duennschnabelmoewe
107.63750952409865,95.46941385202149,Duennschnabelmoewe
93.64265404201034,84.53894084962356,Duennschnabelmoewe
90.31766510860622,106.39936184136715,Duennschnabelmoewe
112.68888800804864,102.2080324639785,Duennschnabelmoewe
101.18602313424026,89.67409163601806,Duennschnabelmoewe
116.01672228653322,105.32405829093072,Duennschnabelmoewe
93.56119164194803,93.96838298450643,Duennschnabelmoewe
109.03822715480958,115.88441039810309,Duennschnabelmoewe
115.48345697060469,111.19502183430495,Duennschnabelmoewe
105.68126584617151,83.36559859980196,Duennschnabelmoewe
84.05886171464128,106.54007076432222,Duennschnabelmoewe
101.94935157466344,107.67580790770774,Duennschnabelmoewe
106.07845038010402,88.9707723784224,Duennschnabelmoewe
108.48716885390144,89.489963499872,Duennschnabelmoewe
93.01598792637071,109.85965620472096,Duennschnabelmoewe
105.98531596188859,113.96893641976712,Duennschnabelmoewe
106.30451569201374,102.73234413341886,Duennschnabelmoewe
83.7469907131237,94.70863212237734,Duennschnabelmoewe
90.60809470726902,89.75958573516334,Duennschnabelmoewe
118.92042219009782,95.72390898667041,Duennschnabelmoewe
115.68186220708454,105.24554503989052,Duennschnabelmoewe
111.79245214166593,100.10548372420769,Duennschnabelmoewe
103.07615538505436,99.70070775275455,Duennschnabelmoewe
87.80971951192178,108.89808461046022,Duennschnabelmoewe
105.81889183628671,87.08442717628196,Duennschnabelmoewe
116.59457560881793,94.80634801021777,Duennschnabelmoewe
97.12736593269257,118.66619276174679,Duennschnabelmoewe
91.77795568278343,95.403909144077,Duennschnabelmoewe
114.04546686067428,92.6768802062511,Duennschnabelmoewe
86.7797098674437,102.27205049833401,Duennschnabelmoewe
117.44619096643123,107.84119186699891,Duennschnabelmoewe
102.8024468035746,83.88705975083074,Duennschnabelmoewe
85.60336060946096,100.73318609454947,Duennschnabelmoewe
115.09492287711822,109.63074471016817,Duennschnabelmoewe
107.88062963981072,108.09936335948437,Duennschnabelmoewe
94.3796460487902,91.74367377057973,Duennschnabelmoewe
112.37444621914054,112.40453578716723,Duennschnabelmoewe
100.4536959544375,100.06065178748798,Duennschnabelmoewe
111.931807158671,105.99855723111061,Duennschnabelmoewe
108.07867509030814,111.83170677744404,Duennschnabelmoewe
115.60021367270265,93.51980627406144,Duennschnabelmoewe
95.02331810559775,83.75927759363476,Duennschnabelmoewe
103.13120563984697,81.43769095186968,Duennschnabelmoewe
98.6239207252984,101.70578538830307,Duennschnabelmoewe
91.46165008513138,103.63333042276042,Duennschnabelmoewe
112.90402242638633,94.40762565645052,Duennschnabelmoewe
85.0824205060754,100.88973040219217,Duennschnabelmoewe
110.79974212394444,88.63284109987373,Duennschnabelmoewe
104.91561903276,83.41389859975072,Duennschnabelmoewe
82.06726884674431,101.25418526272591,Duennschnabelmoewe
101.62540486440426,105.49719605992826,Duennschnabelmoewe
100.65201393204781,92.91825891764984,Duennschnabelmoewe
111.80744779074814,90.83329005048297,Duennschnabelmoewe
97.55885682822544,83.13825525369064,Duennschnabelmoewe
113.43920482048824,107.83896824374793,Duennschnabelmoewe
96.3581177765708,86.93177280283383,Duennschnabelmoewe
86.25748170684344,90.00971592658381,Duennschnabelmoewe
101.96906658824481,108.5838369080025,Duennschnabelmoewe
106.40789506870925,91.19735587783771,Duennschnabelmoewe
102.17416210045603,104.46882984937409,Duennschnabelmoewe
96.7840024971116,89.9092395800463,Duennschnabelmoewe
94.23890714605047,110.31384441857476,Duennschnabelmoewe
114.21842336044028,108.14631437520094,Duennschnabelmoewe
98.966953163493,83.91336642604006,Duennschnabelmoewe
99.6646350046733,98.93887083122263,Duennschnabelmoewe
86.92807479640061,97.35406596951893,Duennschnabelmoewe
95.94018937589493,104.63400392208865,Duennschnabelmoewe
105.40374603470575,81.81216039088179,Duennschnabelmoewe
94.98450458505884,105.03439662856945,Duennschnabelmoewe
100.12545034320351,114.25959364753288,Duennschnabelmoewe
106.3477452647578,86.51737708325719,Duennschnabelmoewe
82.8227498960172,105.69677112825262,Duennschnabelmoewe
81.06045242166488,103.43102325093852,Duennschnabelmoewe
117.6092096569983,103.01896711503517,Duennschnabelmoewe
95.52679704826087,105.73152873769413,Duennschnabelmoewe
98.33011561966066,101.8246715726374,Duennschnabelmoewe
117.658592351061,95.44410551203097,Duennschnabelmoewe
83.77771843023713,107.32027093665428,Duennschnabelmoewe
82.84754593840916,92.75902521175045,Duennschnabelmoewe
112.57873930355743,91.27419099093599,Duennschnabelmoewe
84.72659310486625,107.86948661456603,Duennschnabelmoewe
105.15771387119536,115.09888054108211,Duennschnabelmoewe
109.40284175215544,112.13923721539393,Duennschnabelmoewe
91.28138290285226,87.09758175118891,Duennschnabelmoewe
110.02459006563433,112.27338957069057,Duennschnabelmoewe
119.62020568002694,96.50470707645707,Duennschnabelmoewe
94.88072343171133,111.05651842967987,Duennschnabelmoewe
93.63214161012071,117.23029302414258,Duennschnabelmoewe
114.33651007372048,97.15976109500073,Duennschnabelmoewe
110.03484271165989,110.1817149633873,Duennschnabelmoewe
100.21009489791429,113.05829864430967,Duennschnabelmoewe
92.80198404122447,115.82092913984802,Duennschnabelmoewe
92.7725455036166,118.0024786820322,Duennschnabelmoewe
118.02428587750225,102.93751552493144,Duennschnabelmoewe
105.27348848679196,97.93782087913279,Duennschnabelmoewe
91.72843086792258,93.14658181479663,Duennschnabelmoewe
106.90073824308153,110.09498117750721,Duennschnabelmoewe
111.66316174903395,111.58472571178216,Duennschnabelmoewe
83.64824412194761,99.77681218810326,Duennschnabelmoewe
82.30235040066577,101.98115529294942,Duennschnabelmoewe
97.66122005493509,115.508167310332,Duennschnabelmoewe
94.03660050208315,84.68268065710423,Duennschnabelmoewe
85.71966728211343,110.46042526869888,Duennschnabelmoewe
104.72872253265044,84.04490704491161,Duennschnabelmoewe
83.3642722445999,108.0387652583648,Duennschnabelmoewe
108.24968908625985,83.25395122567599,Duennschnabelmoewe
94.9708318302448,94.82568588267563,Duennschnabelmoewe
95.05038342123663,83.34002866794675,Duennschnabelmoewe
111.08587663709747,102.3361699894322,Duennschnabelmoewe
96.96888036987906,116.25417540378945,Duennschnabelmoewe
84.44789929224605,99.70500417163436,Duennschnabelmoewe
80.45414579069676,98.74642567976505,Duennschnabelmoewe
84.7010498710842,105.96841208464255,Duennschnabelmoewe
109.84179517061693,103.33475060388639,Duennschnabelmoewe
118.48690193898167,94.99482318094816,Duennschnabelmoewe
91.42848345127443,114.7439651275784,Duennschnabelmoewe
101.108044363452,119.71859184477202,Duennschnabelmoewe
82.95186258941595,102.15417137605283,Duennschnabelmoewe
118.77210142476396,100.92391376680595,Duennschnabelmoewe
105.1759455254105,107.82994755938469,Duennschnabelmoewe
98.18164259071094,105.10232320336254,Duennschnabelmoewe
103.372572476924,116.04632041963956,Duennschnabelmoewe
98.22627011142852,104.80530391206148,Duennschnabelmoewe
91.0952473192453,87.52484638895045,Duennschnabelmoewe
98.54793619759928,94.13408912104211,Duennschnabelmoewe
103.34624447403488,83.10938547859939,Duennschnabelmoewe
107.9264685607898,101.44385465376482,Duennschnabelmoewe
92.38110465145311,112.55180078827794,Duennschnabelmoewe
107.38924690215518,86.50467757379565,Duennschnabelmoewe
104.5366078374316,96.72972145162475,Duennschnabelmoewe
95.05853467512199,112.4221332312733,Duennschnabelmoewe
103.7652286140854,95.23563426524086,Duennschnabelmoewe
113.53314818844552,98.7477263917988,Duennschnabelmoewe
96.5927800935066,90.93628287722825,Duennschnabelmoewe
119.86547348295622,102.2172682241051,Duennschnabelmoewe
113.98589562709645,89.8939240697279,Duennschnabelmoewe
98.02176541240374,85.1663766060598,Duennschnabelmoewe
118.1620410903489,104.2469853780352,Duennschnabelmoewe
89.1457122201385,106.86802737623427,Duennschnabelmoewe
104.72512961831583,94.32650872131362,Duennschnabelmoewe
84.54230368798517,106.86292782371198,Duennschnabelmoewe
100.81230803615173,110.89273566942558,Duennschnabelmoewe
100.80654004447973,114.08726001274161,Duennschnabelmoewe
102.07627355097942,102.43751886141546,Duennschnabelmoewe
115.06614410633381,96.13931464849588,Duennschnabelmoewe
110.20549022694476,104.8123820541386,Duennschnabelmoewe
108.16319072396894,88.51856646035642,Duennschnabelmoewe
94.02350235226388,103.59670747418532,Duennschnabelmoewe
95.68976180398928,97.49899688094916,Duennschnabelmoewe
116.16634777974994,93.93021868093201,Duennschnabelmoewe
100.55957956639243,111.34612050964571,Duennschnabelmoewe
95.8617112928508,104.88346800911494,Duennschnabelmoewe
99.68465172318153,90.32977553195833,Duennschnabelmoewe
98.36543024953045,119.20130301141909,Duennschnabelmoewe
99.70472375971478,93.15006441150032,Duennschnabelmoewe
105.33603417266903,89.60582475112773,Duennschnabelmoewe
85.5530869059764,105.63498979212858,Duennschnabelmoewe
87.27520337596579,93.82669133295452,Duennschnabelmoewe
115.87153639624047,98.95846561051489,Duennschnabelmoewe
106.70230954084109,86.8927948480652,Duennschnabelmoewe
86.75740252288658,91.14361356127834,Duennschnabelmoewe
84.82543484402403,98.43115072130902,Duennschnabelmoewe
88.2533487362317,94.57079444192301,Duennschnabelmoewe
100.13669083419427,107.61579314517462,Duennschnabelmoewe
105.11601557963631,83.27036127795488,Duennschnabelmoewe
82.44311839419456,91.07510592588815,Duennschnabelmoewe
112.24805119172245,109.93038761534633,Duennschnabelmoewe
87.38084077425509,88.37397293346841,Duennschnabelmoewe
94.81888411165528,99.38091940764085,Duennschnabelmoewe
104.73019086121184,94.75654558279089,Duennschnabelmoewe
98.50138864532592,109.89883752535026,Duennschnabelmoewe
108.5339834353821,115.80827350748797,Duennschnabelmoewe
100.46709768462665,101.28453941061262,Duennschnabelmoewe
84.28688045359104,97.89649467293819,Duennschnabelmoewe
101.30469065820093,89.69882014538919,Duennschnabelmoewe
90.76972923797524,95.0913665241849,Duennschnabelmoewe
88.45792027986178,93.09989408711658,Duennschnabelmoewe
103.74369814216195,107.16409276577959,Duennschnabelmoewe
111.56684954429353,99.9376879571623,Duennschnabelmoewe
83.47681152349695,101.48426167274191,Duennschnabelmoewe
103.47364472083517,109.81757896737321,Duennschnabelmoewe
97.26638184918718,85.10321211182256,Duennschnabelmoewe
91.35103623194898,94.5232918559454,Duennschnabelmoewe
105.83668965326405,102.83113218675648,Duennschnabelmoewe
104.23099277427548,89.48907166943978,Duennschnabelmoewe
89.83830913538033,86.42725493038223,Duennschnabelmoewe
87.46268096205223,91.40380674775389,Duennschnabelmoewe
83.20934982646568,100.98045558281018,Duennschnabelmoewe
96.41587307958646,119.29514467634425,Duennschnabelmoewe
84.4815560867221,95.91422396182966,Duennschnabelmoewe
112.68288283797119,90.3161130817976,Duennschnabelmoewe
86.83550349560264,106.74572879697723,Duennschnabelmoewe
117.17503956510343,102.2705157205572,Duennschnabelmoewe
102.864507578796,91.19916374641137,Duennschnabelmoewe
110.77971732767747,87.48174994230094,Duennschnabelmoewe
92.94716945616975,97.01745754465668,Duennschnabelmoewe
100.3044151473782,89.69638929660321,Duennschnabelmoewe
84.59347298956814,104.4248016976653,Duennschnabelmoewe
91.54522212961024,103.24952885690449,Duennschnabelmoewe
86.17450861096809,99.2456040741927,Duennschnabelmoewe
101.30357730206343,82.07294147289707,Duennschnabelmoewe
93.46417112775683,85.37658707755897,Duennschnabelmoewe
92.89415379898892,112.3949778341854,Duennschnabelmoewe
90.18562619055055,107.26010888895718,Duennschnabelmoewe
110.40911439558747,103.82554962431377,Duennschnabelmoewe
98.86304754200634,96.47363656589074,Duennschnabelmoewe
93.95473066171981,117.18116576991304,Duennschnabelmoewe
84.97188893942179,109.23469900814577,Duennschnabelmoewe
82.65985069467109,109.64482597160236,Duennschnabelmoewe
102.97892452719648,113.67315107033087,Duennschnabelmoewe
85.59089506505158,111.81069247439561,Duennschnabelmoewe
88.06509280190978,86.54623771462818,Duennschnabelmoewe
86.57063191723972,112.58298880925528,Duennschnabelmoewe
106.607888827848,100.92261699076477,Duennschnabelmoewe
94.3532193649401,115.08802163252433,Duennschnabelmoewe
95.69780429690542,112.66397757886308,Duennschnabelmoewe
97.56539634280874,95.0777771769963,Duennschnabelmoewe
98.50719142678426,92.05511496656568,Duennschnabelmoewe
109.90437520705004,100.10881560369917,Duennschnabelmoewe
89.2885078058727,115.98298293098273,Duennschnabelmoewe
95.35564885492846,101.74211444455955,Duennschnabelmoewe
116.25888443858187,104.96951983655968,Duennschnabelmoewe
105.10832212285672,93.39622458628344,Duennschnabelmoewe
85.57088290653549,111.76100757081184,Duennschnabelmoewe
104.80291023714054,101.33844367905286,Duennschnabelmoewe
115.7557033220383,111.54388844898122,Duennschnabelmoewe
86.06699518931005,92.46888271182193,Duennschnabelmoewe
89.93956559257863,109.75785170290708,Duennschnabelmoewe
81.34129738943118,102.79558739485266,Duennschnabelmoewe
110.49834742962761,115.07062547046998,Duennschnabelmoewe
93.6832699486363,112.85029218688052,Duennschnabelmoewe
85.09954649327929,95.89149162241469,Duennschnabelmoewe
111.89181463118214,85.99669709395096,Duennschnabelmoewe
89.17005580930567,108.89010273572265,Duennschnabelmoewe
108.80146146184298,105.6459053154119,Duennschnabelmoewe
107.75793777868401,101.70897773390385,Duennschnabelmoewe
90.0719623562781,93.82783974015678,Duennschnabelmoewe
103.33567179064482,96.0340566705456,Duennschnabelmoewe
98.48023214576531,117.89133358447262,Duennschnabelmoewe
86.13405612464321,103.44919328067189,Duennschnabelmoewe
100.23554715537864,104.45816941738592,Duennschnabelmoewe
117.28473129934449,102.60532734356836,Duennschnabelmoewe
107.8660329550757,116.89997524709183,Duennschnabelmoewe
108.28954537253594,86.10156171657046,Duennschnabelmoewe
103.05153440667253,104.26860185531424,Duennschnabelmoewe
96.96522685209544,109.45776942498891,Duennschnabelmoewe
98.03357485616529,84.52952183363021,Duennschnabelmoewe
114.79585448248514,100.75352228504289,Duennschnabelmoewe
103.65101742979718,95.96010815480521,Duennschnabelmoewe
82.19046555288125,93.40788966583604,Duennschnabelmoewe
93.33996686764577,95.92674774363773,Duennschnabelmoewe
101.49582411751692,116.79422465651042,Duennschnabelmoewe
93.85383977463844,93.8781280758491,Duennschnabelmoewe
109.50004992438994,98.08871763559229,Duennschnabelmoewe
88.98419291759927,98.09758064530774,Duennschnabelmoewe
85.634280815192,87.05547946024893,Duennschnabelmoewe
99.9347109095792,96.75701798018191,Duennschnabelmoewe
116.593836042724,94.49575596466532,Duennschnabelmoewe
103.22353401112174,105.29057151678121,Duennschnabelmoewe
85.94650911012452,96.58496494908096,Duennschnabelmoewe
100.08780041324971,103.81540069280175,Duennschnabelmoewe
82.6830590955371,109.99841881596711,Duennschnabelmoewe
88.39622372382343,115.92217157762855,Duennschnabelmoewe
88.20558561928028,87.62750882654666,Duennschnabelmoewe
81.46198671392379,98.88267780439998,Duennschnabelmoewe
102.59364533050466,82.6283455771341,Duennschnabelmoewe
111.02110466780042,98.13155338992111,Duennschnabelmoewe
100.9756107731032,97.63050987752912,Duennschnabelmoewe
96.03052243501304,102.38561325232871,Duennschnabelmoewe
86.2096098372285,87.27712521981084,Duennschnabelmoewe
94.93237265119012,90.82978692574216,Duennschnabelmoewe
105.75998172956062,96.34936684392386,Duennschnabelmoewe
108.6388891538959,106.35695767640605,Duennschnabelmoewe
89.24299186352286,106.87570974394913,Duennschnabelmoewe
111.99664341492758,87.14178648217334,Duennschnabelmoewe
106.10984431407499,89.52731124186906,Duennschnabelmoewe
83.97765571037381,89.72688763997816,Duennschnabelmoewe
108.89067727422636,114.22785872425143,Duennschnabelmoewe
113.20879458267967,95.88734118473819,Duennschnabelmoewe
106.72340546282584,88.19937181663283,Duennschnabelmoewe
91.72590921044053,115.8534327408448,Duennschnabelmoewe
87.25741740359189,103.32166243878768,Duennschnabelmoewe
96.85698202369991,115.706868443079,Duennschnabelmoewe
112.69774246953764,93.67269406791505,Duennschnabelmoewe
90.3769373372517,95.18769632669068,Duennschnabelmoewe
103.6117977005923,90.72254563291506,Duennschnabelmoewe
104.96595631396536,96.37646608764962,Duennschnabelmoewe
102.0818872340792,97.44506116541267,Duennschnabelmoewe
91.7786303816767,117.93813227848626,Duennschnabelmoewe
110.54423176639042,85.6045270306581,Duennschnabelmoewe
114.73871903591652,99.49724792998055,Duennschnabelmoewe
115.78208907576365,111.99421023789262,Duennschnabelmoewe
97.00854017876934,80.8987723328047,Duennschnabelmoewe
90.74709437539784,101.66536858643468,Duennschnabelmoewe
105.33912879304589,90.31550741732809,Duennschnabelmoewe
85.57424296291296,113.39720947197196,Duennschnabelmoewe
119.37608722814208,101.02760729210743,Duennschnabelmoewe
86.86717143393214,90.89229306077476,Duennschnabelmoewe
84.71004331560565,103.06065902057014,Duennschnabelmoewe
90.96220882748824,102.16712010063173,Duennschnabelmoewe
106.05681553407457,113.18967214828807,Duennschnabelmoewe
114.95560310250062,103.89652408681233,Duennschnabelmoewe
104.02067441734613,106.60146698185022,Duennschnabelmoewe
96.75082099568293,95.3255411299799,Duennschnabelmoewe
100.75670821131351,81.87863867100221,Duennschnabelmoewe
86.65133475024318,109.52134465705481,Duennschnabelmoewe
83.31194671700506,104.12608437865552,Duennschnabelmoewe
89.81396438725284,95.57182456167907,Duennschnabelmoewe
91.547749470828,94.22690865859796,Duennschnabelmoewe
108.76183620736981,91.88486862492701,Duennschnabelmoewe
102.65618561187588,99.04201608796399,Duennschnabelmoewe
106.54684661450592,117.47318957299032,Duennschnabelmoewe
109.30288388841001,88.59761514363026,Duennschnabelmoewe
103.8031172280102,82.05703253937001,Duennschnabelmoewe
99.85464988804945,103.87371395667557,Duennschnabelmoewe
93.36975563267843,110.83648814983287,Duennschnabelmoewe
109.12755024814413,99.81965264824794,Duennschnabelmoewe
107.53609585710944,97.39309354414985,Duennschnabelmoewe
89.85608132956428,112.76409270696799,Duennschnabelmoewe
111.97663515875917,107.78785883417707,Duennschnabelmoewe
90.8858054891985,103.60922667476348,Duennschnabelmoewe
94.43895587760107,83.66328293306536,Duennschnabelmoewe
118.0094941528321,97.84023091831823,Duennschnabelmoewe
87.40531715354479,101.67603789513433,Duennschnabelmoewe
114.91783343505634,109.28899545638245,Duennschnabelmoewe
112.262445914458,106.35133466842869,Duennschnabelmoewe
107.6910625807141,113.96782606261277,Duennschnabelmoewe
89.98672035436743,99.57699854572562,Duennschnabelmoewe
108.22300690062754,117.00993269662663,Duennschnabelmoewe
87.22301380509334,102.71780922210517,Duennschnabelmoewe
107.8968106898736,91.89396029490203,Duennschnabelmoewe
117.77065956453735,98.96856866629855,Duennschnabelmoewe
114.48170603957254,113.7819759414028,Duennschnabelmoewe
92.76401892973023,113.1566189660271,Duennschnabelmoewe
81.48030538861971,103.85079513928213,Duennschnabelmoewe
89.20035349150812,84.82267543109116,Duennschnabelmoewe
83.07812806516837,107.8515510351256,Duennschnabelmoewe
93.59499855072265,108.99067086115046,Duennschnabelmoewe
82.6142536319577,92.61161351322441,Duennschnabelmoewe
101.5796516950135,111.62892659355855,Duennschnabelmoewe
92.7501001172828,105.03565505748037,Duennschnabelmoewe
115.43910992944748,104.63452752729218,Duennschnabelmoewe
114.98806690736798,101.15748536108848,Duennschnabelmoewe
110.68753155724508,96.07723654436968,Duennschnabelmoewe
99.19502481215636,105.1002185287348,Duennschnabelmoewe
110.73093655458072,96.71067128669335,Duennschnabelmoewe
96.85428009108281,109.50329206355566,Duennschnabelmoewe
89.55108583073209,84.41896452525579,Duennschnabelmoewe
94.18488630563107,91.48955966616327,Duennschnabelmoewe
91.85232481823961,89.3443100419964,Duennschnabelmoewe
119.50889558944127,97.1109253494345,Duennschnabelmoewe
95.37306588638727,107.1858913077228,Duennschnabelmoewe
96.70323103139714,115.16473230248658,Duennschnabelmoewe
117.7892808916564,98.69606044999479,Duennschnabelmoewe
104.53645556842831,86.681357843683,Duennschnabelmoewe
117.70927096540503,105.98586595969473,Duennschnabelmoewe
104.30947179515437,100.50754044066034,Duennschnabelmoewe
89.22679246871034,87.06112128022033,Duennschnabelmoewe
88.81944836280701,87.45753048577018,Duennschnabelmoewe
111.18337894267013,94.00501036666921,Duennschnabelmoewe
95.84968075610635,110.32953902816365,Duennschnabelmoewe
107.8408247221517,86.1558362535942,Duennschnabelmoewe
112.6333249996247,88.97762287346643,Duennschnabelmoewe
88.95270459290492,101.47897691573654,Duennschnabelmoewe
103.71759739366813,103.20344831351244,Duennschnabelmoewe
90.62400170354825,85.18059685131217,Duennschnabelmoewe
114.48510469061802,112.38064298899512,Duennschnabelmoewe
106.20967922556088,102.03429482436557,Duennschnabelmoewe
83.4794703964564,96.33812852282794,Duennschnabelmoewe
94.90754068049256,90.39015135041305,Duennschnabelmoewe
108.9368045475434,99.83502940315083,Duennschnabelmoewe
107.33035054638384,83.04523437961201,Duennschnabelmoewe
114.04827656195076,99.80586108055897,Duennschnabelmoewe
99.22346309306592,103.6963113863807,Duennschnabelmoewe
112.98723863700596,93.91236831608772,Duennschnabelmoewe
107.12064610236254,102.62927855983165,Duennschnabelmoewe
90.68113080677685,115.14519945420632,Duennschnabelmoewe
111.89704086427713,106.33807338633702,Duennschnabelmoewe
108.3345190686014,113.48053313454687,Duennschnabelmoewe
107.89885846677134,107.20563087041202,Duennschnabelmoewe
104.74445512860737,110.10866558230565,Duennschnabelmoewe
113.03267002259051,85.1547946989378,Duennschnabelmoewe
93.40475417036568,109.74033025166432,Duennschnabelmoewe
86.43039584193232,112.71868096476248,Duennschnabelmoewe
113.28536711830968,100.29870935043346,Duennschnabelmoewe
104.67707673502969,119.24744712109694,Duennschnabelmoewe
105.27254108066674,90.39214324256639,Duennschnabelmoewe
105.36022812398446,101.59941518863423,Duennschnabelmoewe
111.19381580604575,84.27922555307833,Duennschnabelmoewe
110.44111610008112,101.65066314704441,Duennschnabelmoewe
118.51968015435978,93.67488664154745,Duennschnabelmoewe
105.30487572535793,117.2811242204007,Duennschnabelmoewe
107.51542889203253,82.71348236420688,Duennschnabelmoewe
92.03854267787266,108.32688354581126,Duennschnabelmoewe
82.69402405875087,103.28681840705093,Duennschnabelmoewe
93.83532227811827,104.83662071069908,Duennschnabelmoewe
109.986073269717,85.20344960522527,Duennschnabelmoewe
99.54572761618664,110.81629671231173,Duennschnabelmoewe
107.33181506426021,97.83610825506993,Duennschnabelmoewe
97.04725208943891,98.05548097318702,Duennschnabelmoewe
86.54495284766676,111.79238194999718,Duennschnabelmoewe
107.74728903125954,88.83078451155042,Duennschnabelmoewe
83.2952418246337,107.21997208298852,Duennschnabelmoewe
106.1804485712454,90.93038107992837,Duennschnabelmoewe
97.29339204170408,117.74463680670395,Duennschnabelmoewe
96.78909267704489,105.54103790656342,Duennschnabelmoewe
95.90377591851177,90.9686080939468,Duennschnabelmoewe
119.35910591839313,96.37336025260171,Duennschnabelmoewe
115.76396814716537,89.19818423564345,Duennschnabelmoewe
106.0666730150354,94.74105374895045,Duennschnabelmoewe
114.57432999358548,98.9283962676623,Duennschnabelmoewe
114.74492671822443,111.06387411166966,Duennschnabelmoewe
110.83687378576208,113.79132912467551,Duennschnabelmoewe
110.44095963771996,105.04881286525662,Duennschnabelmoewe
116.83391391262748,104.66601258082952,Duennschnabelmoewe
111.86149163904705,99.26089406050201,Duennschnabelmoewe
107.42261148915885,97.2122357959785,Duennschnabelmoewe
88.02098906801346,99.66378186965747,Duennschnabelmoewe
82.56835748300536,103.27885607657595,Duennschnabelmoewe
90.75973617740391,111.90236402548753,Duennschnabelmoewe
92.41447835694295,98.20880596327206,Duennschnabelmoewe
95.6997422562674,99.19755338868494,Duennschnabelmoewe
104.00082192477214,91.66650314837213,Duennschnabelmoewe
107.79927544506171,114.40489588756819,Duennschnabelmoewe
99.22027789031316,84.197207136727,Duennschnabelmoewe
85.69982171606053,99.95552613805424,Duennschnabelmoewe
104.72622937272476,108.09859882176416,Duennschnabelmoewe
102.38594733947656,80.39083389676735,Duennschnabelmoewe
93.05845232975967,100.70846573538846,Duennschnabelmoewe
83.51465996579333,94.02507724836723,Duennschnabelmoewe
95.87693104806384,85.30863016172242,Duennschnabelmoewe
102.70163393046232,107.57859876549063,Duennschnabelmoewe
112.0234679643633,88.0060097697924,Duennschnabelmoewe
64.1577026921178,103.30370682408564,Dickhornschaf
116.72484155607332,129.67752989968685,Dickhornschaf
117.12695457059422,124.13824664558335,Dickhornschaf
87.15601540342448,125.18600909972098,Dickhornschaf
103.8073900922989,125.3838215969995,Dickhornschaf
79.76825872081172,72.76357440905507,Dickhornschaf
129.74268532737614,77.53711898864354,Dickhornschaf
74.56943325509594,123.17588057139832,Dickhornschaf
137.98345297174265,112.02605490775495,Dickhornschaf
75.96339607433161,114.41825939450331,Dickhornschaf
129.46180043267043,118.17352558130465,Dickhornschaf
129.36251968979587,106.29403268579148,Dickhornschaf
98.93351531397623,129.87385904653286,Dickhornschaf
132.05614912090067,93.73767414987643,Dickhornschaf
118.64904179322248,70.52541481018079,Dickhornschaf
117.26599717456708,132.72260165325127,Dickhornschaf
74.37464870961935,79.00346599391021,Dickhornschaf
128.35080746956635,99.38222851584278,Dickhornschaf
79.77848595225416,129.65999210180092,Dickhornschaf
73.08190980680182,91.28652293214085,Dickhornschaf
121.87785005492805,70.46989285746798,Dickhornschaf
137.58568360628357,96.30316331069113,Dickhornschaf
73.58063240700326,101.58191588448142,Dickhornschaf
86.9602541145029,126.31066927060876,Dickhornschaf
73.36335263207599,73.4095373030654,Dickhornschaf
127.53363591753578,124.45361223600426,Dickhornschaf
106.82834915174017,129.4617024410607,Dickhornschaf
76.46729680294146,68.95356955181823,Dickhornschaf
81.57996892135917,64.56694848714518,Dickhornschaf
102.49356224008255,134.9284553835969,Dickhornschaf
96.17592226267482,134.7100014022324,Dickhornschaf
111.12959502524004,129.43346356160177,Dickhornschaf
76.14827616983587,113.87459466599338,Dickhornschaf
129.45138035020042,74.17198315579087,Dickhornschaf
115.41007617809316,127.04922317184882,Dickhornschaf
135.56913755792186,114.65984226317167,Dickhornschaf
129.51239875829745,105.64877973110637,Dickhornschaf
77.25401219181737,112.71083761861257,Dickhornschaf
68.52744242463926,112.62762436824289,Dickhornschaf
138.1739347377054,92.55263685782964,Dickhornschaf
129.66027602698074,122.59083872466188,Dickhornschaf
130.28124490410784,92.33122573208263,Dickhornschaf
124.62767535530068,120.98281078212926,Dickhornschaf
125.42673729400173,69.61672442964867,Dickhornschaf
103.55912783686796,60.46069283984973,Dickhornschaf
90.38286241433838,129.06669196574603,Dickhornschaf
125.03885909728749,117.44984609811955,Dickhornschaf
111.79797713236823,131.84244391599896,Dickhornschaf
79.47858372610395,134.16276358370453,Dickhornschaf
88.12981497917076,68.11366627593732,Dickhornschaf
117.29205393785548,81.8099200586827,Dickhornschaf
93.08392812202811,69.7508874669558,Dickhornschaf
74.49194796277442,114.48942831719862,Dickhornschaf
74.51506781565016,102.01307069336481,Dickhornschaf
116.72370093779462,68.55015384757951,Dickhornschaf
137.0341500190064,98.68365173759398,Dickhornschaf
63.47300262838553,110.65211004752179,Dickhornschaf
136.11226737653254,108.1289456117065,Dickhornschaf
125.53510875414321,130.73651706787263,Dickhornschaf
78.2463817559146,76.96358719265814,Dickhornschaf
122.44204121950895,81.98448284385088,Dickhornschaf
125.80914548109428,93.89906029190102,Dickhornschaf
113.40399194331764,67.64282510677346,Dickhornschaf
106.92867705403793,73.44113661958907,Dickhornschaf
118.94989959553456,129.02376620345828,Dickhornschaf
77.33918400726205,67.65716444161293,Dickhornschaf
61.89108688370691,111.35772003546128,Dickhornschaf
81.93285332478447,66.35354951911893,Dickhornschaf
75.34938597749944,85.86972496924166,Dickhornschaf
65.55390741968748,101.52478327266164,Dickhornschaf
130.40632700491665,112.07018952377553,Dickhornschaf
97.21644898269744,64.81138740806281,Dickhornschaf
104.98374527023279,136.6100227604304,Dickhornschaf
74.02423538861277,115.20039126565325,Dickhornschaf
67.73411597173757,96.02967490065481,Dickhornschaf
113.19293795897744,123.63599686317833,Dickhornschaf
91.94527326474466,72.1932810664334,Dickhornschaf
103.19657042244476,127.3626635501137,Dickhornschaf
67.12995456928132,120.42163363974464,Dickhornschaf
70.21707869081878,126.08541042020227,Dickhornschaf
122.56224701363087,116.69957581943811,Dickhornschaf
133.5513578571534,99.75707863246642,Dickhornschaf
69.30931183083808,125.39597667929533,Dickhornschaf
90.4498634781264,130.23794563560557,Dickhornschaf
129.44453520859602,124.4740320094097,Dickhornschaf
123.20243490456491,84.37433112784326,Dickhornschaf
66.47354264410018,92.23841430121291,Dickhornschaf
73.88196119892069,115.59608711219694,Dickhornschaf
87.68797812302284,138.0488160687932,Dickhornschaf
111.27776618762655,125.79844509074887,Dickhornschaf
133.82057524107154,98.96495350551487,Dickhornschaf
73.98709018083301,100.20528611707539,Dickhornschaf
91.89304222178505,71.70991937297993,Dickhornschaf
89.40275378332251,65.45378475083949,Dickhornschaf
137.04920892713392,103.96236287160136,Dickhornschaf
137.2657728922576,94.59983026641055,Dickhornschaf
95.16093509063282,68.45317474093952,Dickhornschaf
111.2661051752165,77.28305460076797,Dickhornschaf
64.62244487970933,115.60281830868425,Dickhornschaf
84.26201180540764,68.08366488085173,Dickhornschaf
115.37290733553056,64.98334385040502,Dickhornschaf
100.75377025198318,139.73574830823816,Dickhornschaf
125.11762156048151,109.21755505848087,Dickhornschaf
126.20303164534994,118.68915044491217,Dickhornschaf
120.8231858497708,70.96877645831992,Dickhornschaf
136.76613154568267,99.02832351410899,Dickhornschaf
68.77889589420028,103.83675911789544,Dickhornschaf
96.35018676479687,127.54856661916928,Dickhornschaf
67.84660646273957,99.05929096174225,Dickhornschaf
72.00389317551874,85.9740741512048,Dickhornschaf
122.9522709004236,85.23255165984102,Dickhornschaf
80.37364976368409,127.26972635407381,Dickhornschaf
112.74831377646262,131.60941925652293,Dickhornschaf
65.3321632448552,101.47264175561632,Dickhornschaf
72.01352006536334,118.99470149771885,Dickhornschaf
117.30587104501458,65.76674687989387,Dickhornschaf
87.97625837966797,121.97228249449455,Dickhornschaf
112.90964888563315,74.81564542939743,Dickhornschaf
83.63558219819362,121.53785182705069,Dickhornschaf
76.45498097564442,69.71091345275252,Dickhornschaf
123.89713533236596,83.42576293607718,Dickhornschaf
138.39762634870806,108.15052717090578,Dickhornschaf
124.941583047211,112.51828858652021,Dickhornschaf
70.247659709296,87.06140047955986,Dickhornschaf
69.72011010407344,75.79763918879499,Dickhornschaf
130.95399201674155,111.66486501241648,Dickhornschaf
82.8725431391328,125.27575511748938,Dickhornschaf
133.51412269116435,80.17928161386892,Dickhornschaf
127.35988423120492,118.27925417292906,Dickhornschaf
122.11579571997797,112.49294701448572,Dickhornschaf
74.19430155757655,103.60215351175506,Dickhornschaf
70.53830187636495,118.07839279882364,Dickhornschaf
125.4228263885556,77.08090930485375,Dickhornschaf
100.46821543614632,127.256242240896,Dickhornschaf
115.11082416400725,129.8658332688646,Dickhornschaf
72.80573079636584,96.92459795358319,Dickhornschaf
67.93424796697727,92.11954526890307,Dickhornschaf
124.00567749593276,76.3228507703119,Dickhornschaf
109.27883602081432,75.0419787692333,Dickhornschaf
88.43076549485914,122.70334275883178,Dickhornschaf
104.33812113056133,60.41836908343302,Dickhornschaf
119.65870261849858,76.198444813219,Dickhornschaf
136.64587840955042,89.43526010416676,Dickhornschaf
86.15452930704633,71.91104402659558,Dickhornschaf
84.44833723921718,130.13206094625605,Dickhornschaf
130.89566243720594,107.44354673494273,Dickhornschaf
111.38604207241819,65.18828755863747,Dickhornschaf
114.11743497810897,124.39911997446158,Dickhornschaf
81.58565761025714,126.00395281440497,Dickhornschaf
99.86045458107628,66.1646623307465,Dickhornschaf
64.68407433951833,86.73906549568486,Dickhornschaf
122.7917581689174,116.61447477927325,Dickhornschaf
95.21591983643924,71.79620213650271,Dickhornschaf
67.08803437436939,77.64895621689689,Dickhornschaf
110.89418917665861,122.85212944641856,Dickhornschaf
69.46689527387099,92.79239117570306,Dickhornschaf
127.18418285084938,90.70663615464352,Dickhornschaf
74.75810025069114,88.97883533218307,Dickhornschaf
83.89804588710184,135.25433960922726,Dickhornschaf
74.88811342770218,124.21146478365684,Dickhornschaf
121.24103191928879,72.71265341354828,Dickhornschaf
108.8180119582113,70.82832658221484,Dickhornschaf
64.56437769210035,82.57496597545601,Dickhornschaf
80.93645469887248,79.75830392575999,Dickhornschaf
132.50036644168293,79.96369598796049,Dickhornschaf
81.75597809029048,120.7518609934371,Dickhornschaf
65.22929260515082,99.00569549387075,Dickhornschaf
87.7874661007074,131.9866676549818,Dickhornschaf
137.07155473708403,104.81345467694736,Dickhornschaf
97.1145989350669,137.76042637052296,Dickhornschaf
78.0253543960988,80.07733290722385,Dickhornschaf
128.04928462729103,104.89782306260199,Dickhornschaf
101.87127290994931,69.1815097495374,Dickhornschaf
128.8111754679548,117.8251442566787,Dickhornschaf
65.41346895200013,116.62680777838149,Dickhornschaf
103.48305738741169,66.53802765974226,Dickhornschaf
127.99802971845295,113.52178698632866,Dickhornschaf
64.98184847055084,101.00021190162653,Dickhornschaf
76.10910257087795,80.6896667910431,Dickhornschaf
73.17650827458367,86.4172051897198,Dickhornschaf
76.390501932057,130.22640625216326,Dickhornschaf
97.11451014498662,132.7376164689248,Dickhornschaf
68.43789599653044,112.54240837794353,Dickhornschaf
125.76825284801804,90.43360060060499,Dickhornschaf
82.97103664676604,123.42835352270714,Dickhornschaf
123.83313276927153,91.6776378129964,Dickhornschaf
133.20720547256346,102.6423093796912,Dickhornschaf
72.63638582682785,115.67192945350419,Dickhornschaf
123.46090803506036,85.34093416540213,Dickhornschaf
71.25692224390068,76.1612534721992,Dickhornschaf
112.34340418599695,72.16834265778184,Dickhornschaf
137.37012922073365,93.42087834200797,Dickhornschaf
110.77370186031531,73.2763916236628,Dickhornschaf
130.5542206643715,94.19917503364921,Dickhornschaf
117.54828978953269,131.22064424142417,Dickhornschaf
66.35252677144236,118.51971922722899,Dickhornschaf
74.99295552780657,128.6541642525731,Dickhornschaf
125.52508110893248,103.26350039884355,Dickhornschaf
97.69343191462517,125.73095181683773,Dickhornschaf
99.536995780024,126.25994019497747,Dickhornschaf
86.81664378966983,73.9009274508595,Dickhornschaf
116.96112162646246,126.07825701664655,Dickhornschaf
68.05099828188267,79.18992902047557,Dickhornschaf
71.35775918087951,87.83531292657332,Dickhornschaf
88.18999572877235,127.3158042467808,Dickhornschaf
97.70297339185316,138.32839504121236,Dickhornschaf
110.73137106365894,70.10117932516022,Dickhornschaf
114.9061757348878,65.57129185299246,Dickhornschaf
73.99051497407675,128.4589807124629,Dickhornschaf
78.17436456188119,126.9632900194352,Dickhornschaf
84.4248541357385,77.01155010968769,Dickhornschaf
112.25302324250265,135.06438547587862,Dickhornschaf
129.69635858104417,121.28518212282421,Dickhornschaf
123.0757874602639,113.19879227807962,Dickhornschaf
80.82294860528023,132.57560245646638,Dickhornschaf
68.87915753707848,95.76444350451403,Dickhornschaf
96.8286616961541,129.1650887618136,Dickhornschaf
93.80387426495557,63.36197401371243,Dickhornschaf
119.19232966135442,133.44612417593206,Dickhornschaf
82.40298636403915,128.66733414392968,Dickhornschaf
83.37745843695183,132.8616129315132,Dickhornschaf
120.31695228774271,124.39254214731508,Dickhornschaf
126.35157318870776,82.5216958731944,Dickhornschaf
67.72275761563526,79.35150626070711,Dickhornschaf
60.99232290218518,97.50143723716047,Dickhornschaf
66.31753297526629,79.16081359276305,Dickhornschaf
128.45568750700315,101.71565512348715,Dickhornschaf
107.91828065417684,69.19463976476534,Dickhornschaf
113.53602103504628,126.34294394534044,Dickhornschaf
130.31831202258138,105.74178816386578,Dickhornschaf
131.4018631963877,95.47040115033502,Dickhornschaf
68.33798422466782,90.760906211585,Dickhornschaf
136.0424842068963,108.05208532386847,Dickhornschaf
110.72832251010651,65.67457729070188,Dickhornschaf
97.79946840052108,63.6518996401907,Dickhornschaf
71.20192780426541,82.14514462330446,Dickhornschaf
68.64206033045531,87.10885194710013,Dickhornschaf
134.5402975546253,91.76120329897533,Dickhornschaf
66.96742134366173,109.3653212894241,Dickhornschaf
69.10707147812812,87.61785142413537,Dickhornschaf
100.5929550974247,129.93780197481408,Dickhornschaf
132.60888020452438,117.1226115573485,Dickhornschaf
110.91210961467256,64.09083051536805,Dickhornschaf
69.15901104527241,90.70711064359836,Dickhornschaf
69.68200003881545,93.51582321499804,Dickhornschaf
120.09424382467344,65.68061316266044,Dickhornschaf
66.41440112655228,88.38170334687874,Dickhornschaf
135.338056929514,113.48581173783313,Dickhornschaf
107.49286329668308,60.810494722219474,Dickhornschaf
110.88768371276338,133.06295580609896,Dickhornschaf
109.00587746758553,129.8958874773076,Dickhornschaf
117.9178444372875,69.64467331229523,Dickhornschaf
102.7173978038211,71.3709699034766,Dickhornschaf
60.93652885847233,93.76274081021111,Dickhornschaf
106.17599093876407,63.49912578471579,Dickhornschaf
69.84026360989965,104.69139171603402,Dickhornschaf
112.18333188735517,127.64834903919254,Dickhornschaf
84.50507990225702,123.11881279366347,Dickhornschaf
125.79378989346228,128.6049870129027,Dickhornschaf
133.33081886729659,94.4788176410637,Dickhornschaf
89.9642309616097,73.34881613590022,Dickhornschaf
94.4423470769766,71.4075315265527,Dickhornschaf
131.20776281470467,87.6701968590286,Dickhornschaf
87.24833332650334,65.73695110781208,Dickhornschaf
89.1674982558032,77.43140434039921,Dickhornschaf
139.04287729244734,96.32012969568919,Dickhornschaf
115.06193886241897,71.24423740626887,Dickhornschaf
98.84717597275183,62.20293758955724,Dickhornschaf
100.436409432836,137.12139256941617,Dickhornschaf
90.73653703886401,63.11968100599293,Dickhornschaf
62.47646327354748,91.03894079574957,Dickhornschaf
83.13958175781237,132.00665464131845,Dickhornschaf
85.11733739018823,131.0722937846945,Dickhornschaf
108.23543011835693,126.136588779319,Dickhornschaf
136.89083883260744,91.15855159219363,Dickhornschaf
103.3126085878068,72.33160345427896,Dickhornschaf
120.9521450083896,126.69199695500684,Dickhornschaf
80.74679178536755,75.56990693638976,Dickhornschaf
64.61180657592199,87.39583830677707,Dickhornschaf
106.43740807949568,71.13573610765565,Dickhornschaf
109.65283838596673,76.10496862579467,Dickhornschaf
91.61101946114549,63.156762631271945,Dickhornschaf
132.75636887497936,117.77145883647248,Dickhornschaf
102.670930301229,129.5975327718148,Dickhornschaf
70.45218750587703,123.2407835419908,Dickhornschaf
69.98566511734786,123.53685300395243,Dickhornschaf
82.06140546010856,130.1672464814551,Dickhornschaf
97.01404840523148,138.4789902530148,Dickhornschaf
98.67259487785174,129.08380180116362,Dickhornschaf
82.86268444206962,76.25784728688699,Dickhornschaf
106.1823223386505,129.2461716499642,Dickhornschaf
138.45914748667434,92.60673668590536,Dickhornschaf
126.20151376850424,121.16222357237741,Dickhornschaf
105.88231611644586,136.48377148895463,Dickhornschaf
76.03796124227222,68.74113682476971,Dickhornschaf
128.31695735643376,95.13198533069986,Dickhornschaf
110.12740088745682,134.11060853840695,Dickhornschaf
61.52928755438112,98.14747746542537,Dickhornschaf
115.40259452296864,70.75481035264974,Dickhornschaf
124.3549766143604,82.30078979316424,Dickhornschaf
114.14570390859166,126.27754395592936,Dickhornschaf
119.0295614849224,126.73156776005406,Dickhornschaf
119.23809055628153,71.42802298406708,Dickhornschaf
120.27423378055752,121.51382256861127,Dickhornschaf
127.67371517421857,109.08832913899667,Dickhornschaf
67.08837711757432,99.01022477337688,Dickhornschaf
66.2119467737284,92.60344248259446,Dickhornschaf
92.56851913005022,65.28078753121933,Dickhornschaf
87.90564271755835,68.87984790330519,Dickhornschaf
66.14896602209308,100.04994144563342,Dickhornschaf
123.56124355925989,116.56691818133585,Dickhornschaf
78.59074584448382,82.48035991269708,Dickhornschaf
92.40821556220531,132.48888017059977,Dickhornschaf
138.31848921398472,108.2794476834703,Dickhornschaf
65.74206449812104,114.60937769787219,Dickhornschaf
79.35453442524236,117.11621060052718,Dickhornschaf
125.80278355073574,124.31668060420162,Dickhornschaf
71.43007690715294,122.02769203225085,Dickhornschaf
82.74192743420133,70.70626903997545,Dickhornschaf
110.36461575133893,64.3465627858323,Dickhornschaf
60.01077544035883,100.89033113897838,Dickhornschaf
116.5581189964573,65.01516972974927,Dickhornschaf
79.74590953615218,119.27232449216572,Dickhornschaf
85.30161197834454,68.15139104528109,Dickhornschaf
127.41695217284439,85.06783340681145,Dickhornschaf
123.11459774208058,131.3497715848588,Dickhornschaf
94.70539356612235,132.79545150835136,Dickhornschaf
90.18544431705543,137.12627331920865,Dickhornschaf
67.14316196204584,114.96154132025941,Dickhornschaf
136.06181661850704,116.20324012278456,Dickhornschaf
83.84417669115545,68.42919378006852,Dickhornschaf
122.54590906759485,111.53193771807327,Dickhornschaf
63.8548809914637,88.80403727207826,Dickhornschaf
136.5439852387429,100.0320916568161,Dickhornschaf
76.7106179204131,89.49657366918362,Dickhornschaf
89.58506047897413,64.18840161499779,Dickhornschaf
125.77439094531387,128.02784008959162,Dickhornschaf
76.95952437589264,112.58827857361028,Dickhornschaf
97.78254433303854,130.41253903371882,Dickhornschaf
77.25925433411632,114.22505602480354,Dickhornschaf
70.92807229209382,112.13118083818213,Dickhornschaf
117.05655066260942,75.93722199152425,Dickhornschaf
131.21720021089396,82.99276771724638,Dickhornschaf
89.42287902049223,64.64735616642798,Dickhornschaf
68.92097698570211,101.26895221698625,Dickhornschaf
81.40741413823773,126.83841805937556,Dickhornschaf
69.94947192004082,93.09141399349082,Dickhornschaf
60.79390569022685,97.12761275628031,Dickhornschaf
137.07993927100705,101.5225824103639,Dickhornschaf
121.91931025222101,121.8337185500892,Dickhornschaf
101.70368381233112,138.0811058623371,Dickhornschaf
121.61265694056767,124.5724429891906,Dickhornschaf
69.6165783296461,81.24662663668849,Dickhornschaf
111.71669933103445,137.93555550530857,Dickhornschaf
131.88484837398715,122.65587306389008,Dickhornschaf
139.30623212513763,103.55858662402103,Dickhornschaf
75.6666467307416,71.26423591141409,Dickhornschaf
106.26387195362885,71.75701676705677,Dickhornschaf
124.88990159467767,110.87637657309827,Dickhornschaf
133.39886745055924,83.24036045371363,Dickhornschaf
97.59906145263493,131.21129099168115,Dickhornschaf
116.6177080214022,64.97625809317623,Dickhornschaf
66.09913743788516,81.97630520383136,Dickhornschaf
128.30279373637336,79.35817042536362,Dickhornschaf
65.8465249621612,109.7874611693797,Dickhornschaf
101.71677109771775,138.18463263932028,Dickhornschaf
120.58481657075511,72.93371489895695,Dickhornschaf
113.32803832372954,73.01597950468528,Dickhornschaf
99.91165316287535,60.9682493420886,Dickhornschaf
85.73359917276389,127.84336716811872,Dickhornschaf
118.30891538159575,67.63194218505686,Dickhornschaf
94.29616167891469,62.333581091621156,Dickhornschaf
69.48020988785213,83.11079511273326,Dickhornschaf
91.82693004017256,133.56248197248397,Dickhornschaf
123.00392686870234,80.08011066098402,Dickhornschaf
68.14429463596295,100.47663261879453,Dickhornschaf
129.34162836048,82.59829951816214,Dickhornschaf
136.03673364602366,106.52978343913549,Dickhornschaf
131.40465819891796,93.55583951658508,Dickhornschaf
107.29042426068132,74.89087182026783,Dickhornschaf
86.52517592537549,128.40241612959483,Dickhornschaf
124.87028648063347,126.86607423284129,Dickhornschaf
94.01825483501551,63.00568723191259,Dickhornschaf
70.2293440977934,121.24374004126886,Dickhornschaf
101.80081448684707,64.37075360007779,Dickhornschaf
77.94347866280361,113.0437753442738,Dickhornschaf
119.3517061566972,127.87403032724198,Dickhornschaf
125.34235732045089,74.52911742052821,Dickhornschaf
89.67528065262121,132.155215739932,Dickhornschaf
66.27646530536991,103.55975672830921,Dickhornschaf
116.74566627780877,73.38570432008483,Dickhornschaf
120.72042260175448,68.20127712531796,Dickhornschaf
89.54246161724328,134.63398900557377,Dickhornschaf
126.2005055898577,115.77675055277095,Dickhornschaf
133.67956168772605,115.56763418026283,Dickhornschaf
118.31848493246531,128.9352723029876,Dickhornschaf
81.92572714737528,124.56567230933624,Dickhornschaf
75.61924823651937,87.62735617959103,Dickhornschaf
128.52297789983413,116.09358892722078,Dickhornschaf
135.7672533686815,99.70070023058892,Dickhornschaf
90.44141678959156,73.04282695452729,Dickhornschaf
122.89645218088464,118.75551456604731,Dickhornschaf
90.74840308193079,62.01547311673835,Dickhornschaf
116.38968080347054,125.37025136124682,Dickhornschaf
103.7144252862278,137.3628220204917,Dickhornschaf
64.13349773263688,100.38364786436225,Dickhornschaf
117.476315785804,129.0112376919343,Dickhornschaf
74.3404489526232,124.00027854109452,Dickhornschaf
72.58185665437723,84.78302873672794,Dickhornschaf
83.20364255699495,129.71312273526834,Dickhornschaf
113.81623953671183,123.73451177530978,Dickhornschaf
105.7396786514999,126.62643014306168,Dickhornschaf
113.92159352470341,64.14686392957832,Dickhornschaf
64.52685249173724,89.91368376102508,Dickhornschaf
135.55588661554427,111.33875178388465,Dickhornschaf
120.07518386906546,68.10983180425274,Dickhornschaf
82.22822208717699,82.1055286772683,Dickhornschaf
94.56151420756048,138.4294992753748,Dickhornschaf
65.40020373470576,101.4960795504476,Dickhornschaf
69.06428037819714,92.2880801889273,Dickhornschaf
119.03079878676849,116.36435424219562,Dickhornschaf
81.48270048540859,82.99693319178002,Dickhornschaf
112.54048507796456,137.48298653599136,Dickhornschaf
108.29097604475001,66.1583573651973,Dickhornschaf
83.78326322458669,67.36535888659803,Dickhornschaf
107.81346261621624,129.28765068893532,Dickhornschaf
118.92281826678341,130.63950598638183,Dickhornschaf
92.65213526933584,61.23159133530468,Dickhornschaf
96.02033969143122,136.60648120670538,Dickhornschaf
91.92282541139477,127.18412853315414,Dickhornschaf
75.0832484599401,113.7968398420023,Dickhornschaf
60.66559537817536,94.68662341060914,Dickhornschaf
67.41003864410938,119.8707479740985,Dickhornschaf
133.16389310788472,94.7216778167007,Dickhornschaf
117.12421787025013,67.31131890654211,Dickhornschaf
75.94162691734407,130.19760373235857,Dickhornschaf
79.87010082958402,77.15251863945316,Dickhornschaf
81.6645062429578,79.80478162239092,Dickhornschaf
65.00210365942766,96.71524132774563,Dickhornschaf
113.82973348784638,66.49193428289914,Dickhornschaf
124.40722547965302,125.8387044033414,Dickhornschaf
134.6168406506209,103.54031728909581,Dickhornschaf
76.02256142941008,109.34268862820329,Dickhornschaf
119.43051949343513,119.03339146832204,Dickhornschaf
101.71592193335042,65.47669754668624,Dickhornschaf
89.68903507441023,133.66132867706858,Dickhornschaf
131.62768713225353,113.31704380214686,Dickhornschaf
125.97945898776061,83.39064883297544,Dickhornschaf
95.51355636051022,61.75306630200072,Dickhornschaf
64.49408618779512,99.2876583506532,Dickhornschaf
72.75938100330866,72.83700914169812,Dickhornschaf
113.13755079911746,130.53524894748062,Dickhornschaf
125.13005484729294,114.81074478995873,Dickhornschaf
68.83454907288821,83.13499570367598,Dickhornschaf
84.78455002579751,79.99655571180969,Dickhornschaf
126.2844478324865,123.14342786557485,Dickhornschaf
84.62366653445966,133.10307550986073,Dickhornschaf
136.2252013602005,86.13940336240327,Dickhornschaf
68.20543700668719,91.4184594617133,Dickhornschaf
75.50904543495142,128.70534169345237,Dickhornschaf
114.15526263974698,127.03266998814429,Dickhornschaf
128.70114234795778,119.86846829325918,Dickhornschaf
72.82923248957945,113.89163339799262,Dickhornschaf
74.34026045914246,115.51596724081254,Dickhornschaf
78.3678528603175,69.4041040120176,Dickhornschaf
117.49916942828241,118.59208392467033,Dickhornschaf
101.19466799306076,72.9090240844307,Dickhornschaf
68.42763875850666,77.78890437985362,Dickhornschaf
116.17168769454636,73.73551261643597,Dickhornschaf
129.64215730155075,110.5135136974701,Dickhornschaf
102.60032531327855,69.23157137431339,Dickhornschaf
108.45103114587292,69.37631245441867,Dickhornschaf
86.97652604526016,71.42735718514655,Dickhornschaf
115.36589176194951,76.5001691068922,Dickhornschaf
91.34874985504209,131.6539822095023,Dickhornschaf
93.54173289328176,61.44992328365838,Dickhornschaf
126.8894162565799,125.71106903205555,Dickhornschaf
127.46609342303066,98.80757279836321,Dickhornschaf
86.69027166694926,123.3246562073096,Dickhornschaf
96.1035290423404,74.67537571227476,Dickhornschaf
97.3047804912136,66.055978184783,Dickhornschaf
91.0260871933545,124.28301275700827,Dickhornschaf
132.1419222836983,76.27781939980767,Dickhornschaf
111.86544059616764,65.92843380598937,Dickhornschaf
90.03751427732003,124.30516361547573,Dickhornschaf
77.60890607238025,88.04164274289295,Dickhornschaf
89.80266190076406,65.49709421791688,Dickhornschaf
77.41339196644289,112.93474307198852,Dickhornschaf
98.71914945437977,60.42507805346767,Dickhornschaf
124.35957139454578,121.82476586322699,Dickhornschaf
103.87353303948501,65.31706606210177,Dickhornschaf
122.55679817263673,120.13975939166724,Dickhornschaf
71.2259614554812,113.6925978703751,Dickhornschaf
73.59048048405883,75.59801599202314,Dickhornschaf
131.2327613775463,119.99822387616567,Dickhornschaf
132.65827909602584,120.69722569311367,Dickhornschaf
131.1302339152008,106.30454036095524,Dickhornschaf
110.59130594627099,72.51813728028804,Dickhornschaf
81.67541586530923,76.1803344419628,Dickhornschaf
85.10614465795325,79.32005023942668,Dickhornschaf
